# The .anm tiers (src/dc/fighter.h FPackAttr.anm_tier_end), read by
# ssb_packexport.py: <tier> <pack> main|sub <motion id>, a pack by its
# FPackHeader.name or * for all, a motion id or * for the whole table.
# A motion row a line names puts the animation it plays in that tier or
# a lower one; every other animation is in the rest of the file.
#
# Tier 0: what the character selects, the results screen and the 1P card
# play -- the scenes that load a fighter's SubMotion file alone
# (ftManagerAllocFighter(FTDATA_FLAG_SUBMOTION, ...)), so the SubMotion
# statuses and nothing else.
0	*	sub	*

# -- traced by tools/export/anm_tiers.py; edit above this line --
1	Captain	main	4	# FTCaptainAnimEggLay
1	Captain	main	5	# FTCaptainAnimWalk1
1	Captain	main	6	# FTCaptainAnimWalk2
1	Captain	main	7	# FTCaptainAnimWalk3
1	Captain	main	9	# FTCaptainAnimDash
1	Captain	main	10	# FTCaptainAnimRun
1	Captain	main	11	# FTCaptainAnimRunBrake
1	Captain	main	16	# FTCaptainAnimJumpF
1	Captain	main	17	# FTCaptainAnimJumpB
1	Captain	main	18	# FTCaptainAnimJumpAerialF
1	Captain	main	19	# FTCaptainAnimJumpAerialB
1	Captain	main	20	# FTCaptainAnimFall
1	Captain	main	21	# FTCaptainAnimFallAerial
1	Captain	main	22	# FTCaptainAnimCrouch
1	Captain	main	23	# FTCaptainAnimCrouchIdle
1	Captain	main	24	# FTCaptainAnimCrouchEnd
1	Captain	main	25	# FTCaptainAnimLandingAirX
1	Captain	main	29	# FTCaptainAnimTeeter
1	Captain	main	30	# FTCaptainAnimTeeterstart
1	Captain	main	43	# FTCaptainAnimDamage
1	Captain	main	136	# FTCaptainAnimRollF
1	Captain	main	144	# FTCaptainAnimSleep
1	Captain	main	148	# FTCaptainAnimThrowF
1	Captain	main	149	# FTCaptainAnimThrowB
1	Captain	main	164	# FTCaptainAnimTaunt
1	Captain	main	165	# FTCaptainAnimJab1
1	Captain	main	166	# FTCaptainAnimJab2
1	Captain	main	167	# FTCaptainAnimDashAttack
1	Captain	main	170	# FTCaptainAnimFTilt
1	Captain	main	174	# FTCaptainAnimUTilt
1	Captain	main	176	# FTCaptainAnimDTilt
1	Captain	main	179	# FTCaptainAnimFSmash
1	Captain	main	182	# FTCaptainAnimUSmash
1	Captain	main	183	# FTCaptainAnimDSmash
1	Captain	main	184	# FTCaptainAnimAttackAirN
1	Captain	main	185	# FTCaptainAnimAttackAirF
1	Captain	main	186	# FTCaptainAnimAttackAirB
1	Captain	main	187	# FTCaptainAnimAttackAirU
1	Captain	main	188	# FTCaptainAnimAttackAirD
1	Captain	main	195	# FTCaptainAnimJab3
1	Captain	main	196	# FTCaptainAnimJabLoopStart
1	Captain	main	197	# FTCaptainAnimJabLoop
1	Captain	main	198	# FTCaptainAnimJabLoopEnd
1	Captain	main	203	# FTCaptainAnimFalconPunchGround
1	Captain	main	205	# FTCaptainAnimDownSpecial
1	Captain	main	210	# FTCaptainAnimFalconDive
1	Donkey	main	4	# FTDonkeyAnimEggLay
1	Donkey	main	5	# FTDonkeyAnimWalk1
1	Donkey	main	6	# FTDonkeyAnimWalk2
1	Donkey	main	7	# FTDonkeyAnimWalk3
1	Donkey	main	9	# FTDonkeyAnimDash
1	Donkey	main	10	# FTDonkeyAnimRun
1	Donkey	main	11	# FTDonkeyAnimRunBrake
1	Donkey	main	16	# FTDonkeyAnimJumpF
1	Donkey	main	17	# FTDonkeyAnimJumpB
1	Donkey	main	18	# FTDonkeyAnimJumpAerialF
1	Donkey	main	19	# FTDonkeyAnimJumpAerialB
1	Donkey	main	20	# FTDonkeyAnimFall
1	Donkey	main	21	# FTDonkeyAnimFallAerial
1	Donkey	main	22	# FTDonkeyAnimCrouch
1	Donkey	main	23	# FTDonkeyAnimCrouchIdle
1	Donkey	main	24	# FTDonkeyAnimCrouchEnd
1	Donkey	main	25	# FTDonkeyAnimLandingAirX
1	Donkey	main	29	# FTDonkeyAnimTeeter
1	Donkey	main	30	# FTDonkeyAnimTeeterstart
1	Donkey	main	43	# FTDonkeyAnimDamage
1	Donkey	main	136	# FTDonkeyAnimRollF
1	Donkey	main	144	# FTDonkeyAnimSleep
1	Donkey	main	148	# FTDonkeyAnimThrowF
1	Donkey	main	149	# FTDonkeyAnimThrowB
1	Donkey	main	164	# FTDonkeyAnimTaunt
1	Donkey	main	165	# FTDonkeyAnimJab1
1	Donkey	main	166	# FTDonkeyAnimJab2
1	Donkey	main	167	# FTDonkeyAnimDashAttack
1	Donkey	main	170	# FTDonkeyAnimFTilt
1	Donkey	main	174	# FTDonkeyAnimUTilt
1	Donkey	main	176	# FTDonkeyAnimDTilt
1	Donkey	main	179	# FTDonkeyAnimFSmash
1	Donkey	main	182	# FTDonkeyAnimUSmash
1	Donkey	main	183	# FTDonkeyAnimDSmash
1	Donkey	main	184	# FTDonkeyAnimAttackAirN
1	Donkey	main	185	# FTDonkeyAnimAttackAirF
1	Donkey	main	186	# FTDonkeyAnimAttackAirB
1	Donkey	main	187	# FTDonkeyAnimAttackAirU
1	Donkey	main	188	# FTDonkeyAnimAttackAirD
1	Donkey	main	197	# FTDonkeyAnimGiantPunchGroundLoopStart
1	Donkey	main	199	# FTDonkeyAnimGiantPunchGroundLoop
1	Donkey	main	201	# FTDonkeyAnimGiantPunchGroundFullyCharge
1	Donkey	main	205	# FTDonkeyAnimSpinningKongGround
1	Donkey	main	207	# FTDonkeyAnimHandSlapStart
1	Donkey	main	208	# FTDonkeyAnimHandSlapLoop
1	Donkey	main	209	# FTDonkeyAnimHandSlapEnd
1	Fox	main	4	# FTFoxAnimEggLay
1	Fox	main	5	# FTFoxAnimWalk1
1	Fox	main	6	# FTFoxAnimWalk2
1	Fox	main	7	# FTFoxAnimWalk3
1	Fox	main	9	# FTFoxAnimDash
1	Fox	main	10	# FTFoxAnimRun
1	Fox	main	11	# FTFoxAnimRunBrake
1	Fox	main	16	# FTFoxAnimJumpF
1	Fox	main	17	# FTFoxAnimJumpB
1	Fox	main	18	# FTFoxAnimJumpAerialF
1	Fox	main	19	# FTFoxAnimJumpAerialB
1	Fox	main	20	# FTFoxAnimFall
1	Fox	main	21	# FTFoxAnimFallAerial
1	Fox	main	22	# FTFoxAnimCrouch
1	Fox	main	23	# FTFoxAnimCrouchIdle
1	Fox	main	24	# FTFoxAnimCrouchEnd
1	Fox	main	25	# FTFoxAnimLandingAirX
1	Fox	main	29	# FTFoxAnimTeeter
1	Fox	main	30	# FTFoxAnimTeeterstart
1	Fox	main	43	# FTFoxAnimDamage
1	Fox	main	136	# FTFoxAnimRollF
1	Fox	main	144	# FTFoxAnimSleep
1	Fox	main	148	# FTFoxAnimThrowF
1	Fox	main	149	# FTFoxAnimThrowB
1	Fox	main	164	# FTFoxAnimTaunt
1	Fox	main	165	# FTFoxAnimJab1
1	Fox	main	166	# FTFoxAnimJab2
1	Fox	main	167	# FTFoxAnimDashAttack
1	Fox	main	170	# FTFoxAnimFTilt
1	Fox	main	174	# FTFoxAnimUTilt
1	Fox	main	176	# FTFoxAnimDTilt
1	Fox	main	179	# FTFoxAnimFSmash
1	Fox	main	182	# FTFoxAnimUSmash
1	Fox	main	183	# FTFoxAnimDSmash
1	Fox	main	184	# FTFoxAnimAttackAirN
1	Fox	main	185	# FTFoxAnimAttackAirF
1	Fox	main	186	# FTFoxAnimAttackAirB
1	Fox	main	187	# FTFoxAnimAttackAirU
1	Fox	main	188	# FTFoxAnimAttackAirD
1	Fox	main	195	# FTFoxAnimJabLoopStart
1	Fox	main	196	# FTFoxAnimJabLoop
1	Fox	main	197	# FTFoxAnimJabLoopEnd
1	Fox	main	200	# FTFoxAnimLaser
1	Fox	main	202	# FTFoxAnimFireFoxStartGround
1	Fox	main	204	# FTFoxAnimReadyingFireFoxGround
1	Fox	main	206	# FTFoxAnimFireFoxGround
1	Fox	main	208	# FTFoxAnimFireFoxEndGround
1	Fox	main	211	# FTFoxAnimShineStart
1	Fox	main	212	# FTFoxAnimSwitchDirectionShine
1	Fox	main	214	# FTFoxAnimShine
1	Kirby	main	4	# FTKirbyAnimEggLay
1	Kirby	main	5	# FTKirbyAnimWalk1
1	Kirby	main	6	# FTKirbyAnimWalk2
1	Kirby	main	7	# FTKirbyAnimWalk3
1	Kirby	main	9	# FTKirbyAnimDash
1	Kirby	main	10	# FTKirbyAnimRun
1	Kirby	main	11	# FTKirbyAnimRunBrake
1	Kirby	main	16	# FTKirbyAnimJumpF
1	Kirby	main	17	# FTKirbyAnimJumpB
1	Kirby	main	20	# FTKirbyAnimFall
1	Kirby	main	22	# FTKirbyAnimCrouch
1	Kirby	main	23	# FTKirbyAnimCrouchIdle
1	Kirby	main	24	# FTKirbyAnimCrouchEnd
1	Kirby	main	25	# FTKirbyAnimLandingAirX
1	Kirby	main	29	# FTKirbyAnimTeeter
1	Kirby	main	30	# FTKirbyAnimTeeterstart
1	Kirby	main	43	# FTKirbyAnimDamage
1	Kirby	main	136	# FTKirbyAnimRollF
1	Kirby	main	144	# FTKirbyAnimSleep
1	Kirby	main	149	# FTKirbyAnimThrowB
1	Kirby	main	164	# FTKirbyAnimTaunt
1	Kirby	main	165	# FTKirbyAnimJab1
1	Kirby	main	166	# FTKirbyAnimJab2
1	Kirby	main	167	# FTKirbyAnimDashAttack
1	Kirby	main	170	# FTKirbyAnimFTilt
1	Kirby	main	174	# FTKirbyAnimUTilt
1	Kirby	main	176	# FTKirbyAnimDTilt
1	Kirby	main	179	# FTKirbyAnimFSmash
1	Kirby	main	182	# FTKirbyAnimUSmash
1	Kirby	main	183	# FTKirbyAnimDSmash
1	Kirby	main	184	# FTKirbyAnimAttackAirN
1	Kirby	main	185	# FTKirbyAnimAttackAirF
1	Kirby	main	186	# FTKirbyAnimAttackAirB
1	Kirby	main	187	# FTKirbyAnimAttackAirU
1	Kirby	main	188	# FTKirbyAnimAttackAirD
1	Kirby	main	195	# FTKirbyAnimJabLoopStart
1	Kirby	main	196	# FTKirbyAnimJabLoop
1	Kirby	main	197	# FTKirbyAnimJabLoopEnd
1	Kirby	main	198	# FTKirbyAnimJump2
1	Kirby	main	231	# FTKirbyAnimFinalCutter
1	Kirby	main	232	# FTKirbyAnimFinalCutterLand
1	Kirby	main	234	# FTKirbyAnimFinalCutterImpact
1	Kirby	main	235	# FTKirbyAnimStoneStartGround
1	Kirby	main	237	# FTKirbyAnimStoneGround
1	Kirby	main	238	# FTKirbyAnimStoneCancel
1	Kirby	main	244	# FTKirbyAnimInhaleStartGround
1	Kirby	main	245	# FTKirbyAnimInhaleGround
1	Kirby	main	246	# FTKirbyAnimInhaleEnd
1	Link	main	4	# FTLinkAnimEggLay
1	Link	main	5	# FTLinkAnimWalk1
1	Link	main	6	# FTLinkAnimWalk2
1	Link	main	7	# FTLinkAnimWalk3
1	Link	main	9	# FTLinkAnimDash
1	Link	main	10	# FTLinkAnimRun
1	Link	main	11	# FTLinkAnimRunBrake
1	Link	main	16	# FTLinkAnimJumpF
1	Link	main	17	# FTLinkAnimJumpB
1	Link	main	18	# FTLinkAnimJumpAerialF
1	Link	main	19	# FTLinkAnimJumpAerialB
1	Link	main	20	# FTLinkAnimFall
1	Link	main	21	# FTLinkAnimFallAerial
1	Link	main	22	# FTLinkAnimCrouch
1	Link	main	23	# FTLinkAnimCrouchIdle
1	Link	main	24	# FTLinkAnimCrouchEnd
1	Link	main	25	# FTLinkAnimLandingAirX
1	Link	main	29	# FTLinkAnimTeeter
1	Link	main	30	# FTLinkAnimTeeterstart
1	Link	main	43	# FTLinkAnimDamage
1	Link	main	136	# FTLinkAnimRollF
1	Link	main	144	# FTLinkAnimSleep
1	Link	main	148	# FTLinkAnimThrowF
1	Link	main	149	# FTLinkAnimThrowB
1	Link	main	164	# FTLinkAnimTaunt
1	Link	main	165	# FTLinkAnimJab1
1	Link	main	166	# FTLinkAnimJab2
1	Link	main	167	# FTLinkAnimDashAttack
1	Link	main	170	# FTLinkAnimFTilt
1	Link	main	174	# FTLinkAnimUTilt
1	Link	main	176	# FTLinkAnimDTilt
1	Link	main	179	# FTLinkAnimFSmash
1	Link	main	182	# FTLinkAnimUSmash
1	Link	main	183	# FTLinkAnimDSmash
1	Link	main	184	# FTLinkAnimAttackAirN
1	Link	main	185	# FTLinkAnimAttackAirF
1	Link	main	186	# FTLinkAnimAttackAirB
1	Link	main	187	# FTLinkAnimAttackAirU
1	Link	main	188	# FTLinkAnimAttackAirD
1	Link	main	196	# FTLinkAnimJabLoopStart
1	Link	main	197	# FTLinkAnimJabLoop
1	Link	main	198	# FTLinkAnimJabLoopEnd
1	Link	main	201	# FTLinkAnimUpSpecialGround
1	Link	main	202	# FTLinkAnimUpSpecialEndGround
1	Link	main	204	# FTLinkAnimMissingBoomerang
1	Link	main	210	# FTLinkAnimBomb
1	Luigi	main	4	# FTLuigiAnimEggLay
1	Luigi	main	5	# FTMarioAnimWalk1
1	Luigi	main	6	# FTMarioAnimWalk2
1	Luigi	main	7	# FTMarioAnimWalk3
1	Luigi	main	9	# FTLuigiAnimDash
1	Luigi	main	10	# FTMarioAnimRun
1	Luigi	main	11	# FTLuigiAnimRunBrake
1	Luigi	main	16	# FTMarioAnimJumpF
1	Luigi	main	17	# FTMarioAnimJumpB
1	Luigi	main	18	# FTMarioAnimJumpAerialF
1	Luigi	main	19	# FTMarioAnimJumpAerialB
1	Luigi	main	20	# FTMarioAnimFall
1	Luigi	main	21	# FTMarioAnimFallAerial
1	Luigi	main	22	# FTMarioAnimCrouch
1	Luigi	main	23	# FTMarioAnimCrouchIdle
1	Luigi	main	24	# FTMarioAnimCrouchEnd
1	Luigi	main	25	# FTMarioAnimLandingAirX
1	Luigi	main	29	# FTMarioAnimTeeter
1	Luigi	main	30	# FTMarioAnimTeeterstart
1	Luigi	main	43	# FTMarioAnimDamage
1	Luigi	main	136	# FTMarioAnimRollF
1	Luigi	main	144	# FTMarioAnimSleep
1	Luigi	main	148	# FTMarioAnimThrowF
1	Luigi	main	149	# FTMarioAnimThrowB
1	Luigi	main	164	# FTLuigiAnimTaunt
1	Luigi	main	165	# FTMarioAnimJab1
1	Luigi	main	166	# FTMarioAnimJab2
1	Luigi	main	167	# FTLuigiAnimDashAttack
1	Luigi	main	170	# FTMarioAnimFTilt
1	Luigi	main	174	# FTMarioAnimUTilt
1	Luigi	main	176	# FTLuigiAnimDTilt
1	Luigi	main	179	# FTLuigiAnimFSmash
1	Luigi	main	182	# FTMarioAnimUSmash
1	Luigi	main	183	# FTMarioAnimDSmash
1	Luigi	main	184	# FTMarioAnimAttackAirN
1	Luigi	main	185	# FTMarioAnimAttackAirF
1	Luigi	main	186	# FTMarioAnimAttackAirB
1	Luigi	main	187	# FTMarioAnimAttackAirU
1	Luigi	main	188	# FTMarioAnimAttackAirD
1	Luigi	main	195	# FTMarioAnimJab3
1	Luigi	main	198	# FTMarioAnimFireballGround
1	Luigi	main	200	# FTMarioAnimSuperJumpPunchAir
1	Luigi	main	202	# FTMarioAnimMarioTornadoGround
1	Mario	main	4	# FTMarioAnimWait
1	Mario	main	5	# FTMarioAnimWalk1
1	Mario	main	6	# FTMarioAnimWalk2
1	Mario	main	7	# FTMarioAnimWalk3
1	Mario	main	9	# FTMarioAnimDash
1	Mario	main	10	# FTMarioAnimRun
1	Mario	main	11	# FTMarioAnimRunBrake
1	Mario	main	16	# FTMarioAnimJumpF
1	Mario	main	17	# FTMarioAnimJumpB
1	Mario	main	18	# FTMarioAnimJumpAerialF
1	Mario	main	19	# FTMarioAnimJumpAerialB
1	Mario	main	20	# FTMarioAnimFall
1	Mario	main	21	# FTMarioAnimFallAerial
1	Mario	main	22	# FTMarioAnimCrouch
1	Mario	main	23	# FTMarioAnimCrouchIdle
1	Mario	main	24	# FTMarioAnimCrouchEnd
1	Mario	main	25	# FTMarioAnimLandingAirX
1	Mario	main	29	# FTMarioAnimTeeter
1	Mario	main	30	# FTMarioAnimTeeterstart
1	Mario	main	43	# FTMarioAnimDamage
1	Mario	main	136	# FTMarioAnimRollF
1	Mario	main	144	# FTMarioAnimSleep
1	Mario	main	148	# FTMarioAnimThrowF
1	Mario	main	149	# FTMarioAnimThrowB
1	Mario	main	164	# FTMarioAnimTaunt
1	Mario	main	165	# FTMarioAnimJab1
1	Mario	main	166	# FTMarioAnimJab2
1	Mario	main	167	# FTMarioAnimDashAttack
1	Mario	main	170	# FTMarioAnimFTilt
1	Mario	main	174	# FTMarioAnimUTilt
1	Mario	main	176	# FTMarioAnimDTilt
1	Mario	main	179	# FTMarioAnimFSmash
1	Mario	main	182	# FTMarioAnimUSmash
1	Mario	main	183	# FTMarioAnimDSmash
1	Mario	main	184	# FTMarioAnimAttackAirN
1	Mario	main	185	# FTMarioAnimAttackAirF
1	Mario	main	186	# FTMarioAnimAttackAirB
1	Mario	main	187	# FTMarioAnimAttackAirU
1	Mario	main	188	# FTMarioAnimAttackAirD
1	Mario	main	195	# FTMarioAnimJab3
1	Mario	main	198	# FTMarioAnimFireballGround
1	Mario	main	200	# FTMarioAnimSuperJumpPunchAir
1	Mario	main	202	# FTMarioAnimMarioTornadoGround
1	Ness	main	4	# FTNessAnimEggLay
1	Ness	main	5	# FTNessAnimWalk1
1	Ness	main	6	# FTNessAnimWalk2
1	Ness	main	7	# FTNessAnimWalk3
1	Ness	main	9	# FTNessAnimDash
1	Ness	main	10	# FTNessAnimRun
1	Ness	main	11	# FTNessAnimRunBrake
1	Ness	main	16	# FTNessAnimJumpF
1	Ness	main	17	# FTNessAnimJumpB
1	Ness	main	18	# FTNessAnimJumpAerialF
1	Ness	main	19	# FTNessAnimJumpAerialB
1	Ness	main	20	# FTNessAnimFall
1	Ness	main	21	# FTNessAnimFallAerial
1	Ness	main	22	# FTNessAnimCrouch
1	Ness	main	23	# FTNessAnimCrouchIdle
1	Ness	main	24	# FTNessAnimCrouchEnd
1	Ness	main	25	# FTNessAnimLandingAirX
1	Ness	main	29	# FTNessAnimTeeter
1	Ness	main	30	# FTNessAnimTeeterstart
1	Ness	main	43	# FTNessAnimDamage
1	Ness	main	136	# FTNessAnimRollF
1	Ness	main	144	# FTNessAnimSleep
1	Ness	main	148	# FTNessAnimThrowF
1	Ness	main	149	# FTNessAnimThrowB
1	Ness	main	164	# FTNessAnimTaunt
1	Ness	main	165	# FTNessAnimJab1
1	Ness	main	166	# FTNessAnimJab2
1	Ness	main	167	# FTNessAnimDashAttack
1	Ness	main	170	# FTNessAnimFTilt
1	Ness	main	174	# FTNessAnimUTilt
1	Ness	main	176	# FTNessAnimDTilt
1	Ness	main	179	# FTNessAnimFSmash
1	Ness	main	182	# FTNessAnimUSmash
1	Ness	main	183	# FTNessAnimDSmash
1	Ness	main	184	# FTNessAnimAttackAirN
1	Ness	main	185	# FTNessAnimAttackAirF
1	Ness	main	186	# FTNessAnimAttackAirB
1	Ness	main	187	# FTNessAnimAttackAirU
1	Ness	main	188	# FTNessAnimAttackAirD
1	Ness	main	195	# FTNessAnimJab3
1	Ness	main	201	# FTNessAnimPKFireGround
1	Ness	main	203	# FTNessAnimPKThunderStartGround1
1	Ness	main	204	# FTNessAnimPKThunderStartGround2
1	Ness	main	205	# FTNessAnimPKThunderEnd
1	Ness	main	206	# FTNessAnimDKTAAir
1	Ness	main	212	# FTNessAnimDownBStartGround
1	Ness	main	213	# FTNessAnimHealingDownB
1	Ness	main	214	# FTNessAnimHealingDownB
1	Ness	main	215	# FTNessAnimDownSpecialEndGround
1	Pikachu	main	4	# FTPikachuAnimIdle
1	Pikachu	main	5	# FTPikachuAnimWalk1
1	Pikachu	main	6	# FTPikachuAnimWalk2
1	Pikachu	main	7	# FTPikachuAnimWalk3
1	Pikachu	main	9	# FTPikachuAnimDash
1	Pikachu	main	10	# FTPikachuAnimRun
1	Pikachu	main	11	# FTPikachuAnimRunBrake
1	Pikachu	main	16	# FTPikachuAnimJumpF
1	Pikachu	main	17	# FTPikachuAnimJumpB
1	Pikachu	main	18	# FTPikachuAnimJumpAerialF
1	Pikachu	main	19	# FTPikachuAnimJumpAerialB
1	Pikachu	main	20	# FTPikachuAnimFall
1	Pikachu	main	21	# FTPikachuAnimFallAerial
1	Pikachu	main	22	# FTPikachuAnimCrouch
1	Pikachu	main	23	# FTPikachuAnimCrouchIdle
1	Pikachu	main	24	# FTPikachuAnimCrouchEnd
1	Pikachu	main	25	# FTPikachuAnimLandingAirX
1	Pikachu	main	29	# FTPikachuAnimTeeter
1	Pikachu	main	30	# FTPikachuAnimTeeterstart
1	Pikachu	main	43	# FTPikachuAnimDamage
1	Pikachu	main	136	# FTPikachuAnimRollF
1	Pikachu	main	144	# FTPikachuAnimSleep
1	Pikachu	main	148	# FTPikachuAnimThrowF
1	Pikachu	main	149	# FTPikachuAnimThrowB
1	Pikachu	main	164	# FTPikachuAnimTaunt
1	Pikachu	main	165	# FTPikachuAnimJab1
1	Pikachu	main	167	# FTPikachuAnimDashAttack
1	Pikachu	main	170	# FTPikachuAnimFTilt
1	Pikachu	main	174	# FTPikachuAnimUTilt
1	Pikachu	main	176	# FTPikachuAnimDTilt
1	Pikachu	main	179	# FTPikachuAnimFSmash
1	Pikachu	main	182	# FTPikachuAnimUSmash
1	Pikachu	main	183	# FTPikachuAnimDSmash
1	Pikachu	main	184	# FTPikachuAnimAttackAirN
1	Pikachu	main	185	# FTPikachuAnimAttackAirF
1	Pikachu	main	186	# FTPikachuAnimAttackAirB
1	Pikachu	main	187	# FTPikachuAnimAttackAirU
1	Pikachu	main	188	# FTPikachuAnimAttackAirD
1	Pikachu	main	197	# FTPikachuAnimNeutralSpecialGround
1	Pikachu	main	199	# FTPikachuAnimDownSpecialStart
1	Pikachu	main	200	# FTPikachuAnimGettingThundered
1	Pikachu	main	201	# FTPikachuAnimGettingThundered
1	Pikachu	main	202	# FTPikachuAnimDownSpecialEnd
1	Pikachu	main	208	# FTPikachuAnimUpSpecialEnd
1	Purin	main	4	# FTPurinAnimEggLay
1	Purin	main	5	# FTPurinAnimWalk1
1	Purin	main	6	# FTPurinAnimWalk2
1	Purin	main	7	# FTPurinAnimWalk3
1	Purin	main	9	# FTPurinAnimDash
1	Purin	main	10	# FTPurinAnimRun
1	Purin	main	11	# FTPurinAnimRunBrake
1	Purin	main	16	# FTPurinAnimJumpF
1	Purin	main	17	# FTPurinAnimJumpB
1	Purin	main	20	# FTPurinAnimFall
1	Purin	main	22	# FTPurinAnimCrouch
1	Purin	main	23	# FTKirbyAnimCrouchIdle
1	Purin	main	24	# FTKirbyAnimCrouchEnd
1	Purin	main	25	# FTPurinAnimJumpSquat
1	Purin	main	29	# FTPurinAnimTeeter
1	Purin	main	30	# FTKirbyAnimTeeterstart
1	Purin	main	43	# FTPurinAnimDamage
1	Purin	main	136	# FTPurinAnimRollF
1	Purin	main	144	# FTKirbyAnimSleep
1	Purin	main	148	# FTPurinAnimThrowF
1	Purin	main	149	# FTPurinAnimThrowB
1	Purin	main	164	# FTPurinAnimTaunt
1	Purin	main	165	# FTPurinAnimJab1
1	Purin	main	166	# FTPurinAnimJab2
1	Purin	main	167	# FTPurinAnimDashAttack
1	Purin	main	170	# FTPurinAnimFTilt
1	Purin	main	174	# FTPurinAnimUTilt
1	Purin	main	176	# FTPurinAnimDTilt
1	Purin	main	179	# FTPurinAnimFSmash
1	Purin	main	182	# FTPurinAnimUSmash
1	Purin	main	183	# FTPurinAnimDSmash
1	Purin	main	184	# FTPurinAnimAttackAirN
1	Purin	main	185	# FTPurinAnimAttackAirF
1	Purin	main	186	# FTPurinAnimAttackAirB
1	Purin	main	187	# FTPurinAnimAttackAirU
1	Purin	main	188	# FTPurinAnimAttackAirD
1	Purin	main	198	# FTPurinAnimJump2
1	Purin	main	205	# FTPurinAnimPoundGround
1	Purin	main	207	# FTPurinAnimSingAir
1	Purin	main	208	# FTPurinAnimRestAir
1	Samus	main	4	# FTSamusAnimEggLay
1	Samus	main	5	# FTSamusAnimWalk1
1	Samus	main	6	# FTSamusAnimWalk2
1	Samus	main	7	# FTSamusAnimWalk3
1	Samus	main	9	# FTSamusAnimDash
1	Samus	main	10	# FTSamusAnimRun
1	Samus	main	11	# FTSamusAnimRunBrake
1	Samus	main	16	# FTSamusAnimJumpF
1	Samus	main	17	# FTSamusAnimJumpB
1	Samus	main	18	# FTSamusAnimJumpAerialF
1	Samus	main	19	# FTSamusAnimJumpAerialB
1	Samus	main	20	# FTSamusAnimFall
1	Samus	main	21	# FTSamusAnimFallAerial
1	Samus	main	22	# FTSamusAnimCrouch
1	Samus	main	23	# FTSamusAnimCrouchIdle
1	Samus	main	24	# FTSamusAnimCrouchEnd
1	Samus	main	25	# FTSamusAnimLandingAirX
1	Samus	main	29	# FTSamusAnimTeeter
1	Samus	main	30	# FTSamusAnimTeeterstart
1	Samus	main	43	# FTSamusAnimDamage
1	Samus	main	136	# FTSamusAnimRollF
1	Samus	main	144	# FTSamusAnimSleep
1	Samus	main	148	# FTSamusAnimThrowF
1	Samus	main	149	# FTSamusAnimThrowB
1	Samus	main	164	# FTSamusAnimTaunt
1	Samus	main	165	# FTSamusAnimJab1
1	Samus	main	166	# FTSamusAnimJab2
1	Samus	main	167	# FTSamusAnimDashAttack
1	Samus	main	170	# FTSamusAnimFTilt
1	Samus	main	174	# FTSamusAnimUTilt
1	Samus	main	176	# FTSamusAnimDTilt
1	Samus	main	179	# FTSamusAnimFSmash
1	Samus	main	182	# FTSamusAnimUSmash
1	Samus	main	183	# FTSamusAnimDSmash
1	Samus	main	184	# FTSamusAnimAttackAirN
1	Samus	main	185	# FTSamusAnimAttackAirF
1	Samus	main	186	# FTSamusAnimAttackAirB
1	Samus	main	187	# FTSamusAnimAttackAirU
1	Samus	main	188	# FTSamusAnimAttackAirD
1	Samus	main	197	# FTSamusAnimStartingChargeShot
1	Samus	main	198	# FTSamusAnimChargingNeutralSpecial
1	Samus	main	199	# FTSamusAnimShooting
1	Samus	main	202	# FTSamusAnimScrewAttackGround
1	Samus	main	204	# FTSamusAnimBomb
1	Yoshi	main	4	# FTYoshiAnimEggLay
1	Yoshi	main	5	# FTYoshiAnimWalk1
1	Yoshi	main	6	# FTYoshiAnimWalk2
1	Yoshi	main	7	# FTYoshiAnimWalk3
1	Yoshi	main	9	# FTYoshiAnimDash
1	Yoshi	main	10	# FTYoshiAnimRun
1	Yoshi	main	11	# FTYoshiAnimRunBrake
1	Yoshi	main	16	# FTYoshiAnimJumpF
1	Yoshi	main	17	# FTYoshiAnimJumpB
1	Yoshi	main	18	# FTYoshiAnimJumpAerialB
1	Yoshi	main	19	# FTYoshiAnimJumpAerialB
1	Yoshi	main	20	# FTYoshiAnimFall
1	Yoshi	main	21	# FTYoshiAnimFallAerial
1	Yoshi	main	22	# FTYoshiAnimCrouch
1	Yoshi	main	23	# FTYoshiAnimCrouchIdle
1	Yoshi	main	24	# FTYoshiAnimCrouchEnd
1	Yoshi	main	25	# FTYoshiAnimLandingAirX
1	Yoshi	main	29	# FTYoshiAnimTeeter
1	Yoshi	main	30	# FTYoshiAnimTeeterstart
1	Yoshi	main	43	# FTYoshiAnimDamage
1	Yoshi	main	136	# FTYoshiAnimRollF
1	Yoshi	main	144	# FTYoshiAnimSleep
1	Yoshi	main	148	# FTYoshiAnimThrowF
1	Yoshi	main	149	# FTYoshiAnimThrowB
1	Yoshi	main	164	# FTYoshiAnimTaunt
1	Yoshi	main	165	# FTYoshiAnimJab1
1	Yoshi	main	166	# FTYoshiAnimJab2
1	Yoshi	main	167	# FTYoshiAnimDashAttack
1	Yoshi	main	170	# FTYoshiAnimFTilt
1	Yoshi	main	174	# FTYoshiAnimUTilt
1	Yoshi	main	176	# FTYoshiAnimDTilt
1	Yoshi	main	179	# FTYoshiAnimFSmash
1	Yoshi	main	182	# FTYoshiAnimUSmash
1	Yoshi	main	183	# FTYoshiAnimDSmash
1	Yoshi	main	184	# FTYoshiAnimAttackAirN
1	Yoshi	main	185	# FTYoshiAnimAttackAirF
1	Yoshi	main	186	# FTYoshiAnimAttackAirB
1	Yoshi	main	187	# FTYoshiAnimAttackAirU
1	Yoshi	main	188	# FTYoshiAnimAttackAirD
1	Yoshi	main	197	# FTYoshiAnimEggThrowGround
1	Yoshi	main	199	# FTYoshiAnimGroundPoundGroundStart
1	Yoshi	main	200	# FTYoshiAnimGroundPoundLanding
1	Yoshi	main	202	# FTYoshiAnimEggLayGrabbedSomeoneStillGoi
